,date,tag_count,image_count,latest_images,arm_images,arm64_images,ppc64le_images,x386_images,amd64_images,s390x_images,linux_images,windows_images,node_id
0,2019-11-11 00:00:00,5193,8657,1049,1103,908,665,521,4041,1403,8467,147,node1
1,2019-11-13 00:00:00,5202,8594,1050,1083,871,664,519,4044,1397,8410,141,node1
2,2019-11-14 00:00:00,5204,8673,1057,1115,902,677,519,4051,1393,8464,166,node1
3,2019-11-15 00:00:00,5246,8710,1056,1106,898,676,518,4104,1392,8478,189,node1
4,2019-11-16 00:00:00,5249,8700,1055,1096,893,686,518,4099,1392,8470,187,node1
5,2019-11-17 00:00:00,5250,8699,1055,1096,891,676,518,4099,1403,8469,187,node1
6,2019-11-18 00:00:00,5250,8749,1056,1072,902,712,518,4117,1412,8519,187,node1
7,2019-11-19 00:00:00,5251,8698,1033,1104,897,653,517,4121,1390,8477,178,node1
8,2019-11-20 00:00:00,5272,8739,1033,1124,886,689,528,4111,1385,8516,180,node1
9,2019-11-21 00:00:00,5282,8744,1038,1119,884,650,525,4140,1410,8506,195,node1
10,2019-11-22 00:00:00,5287,8590,1044,1071,863,622,503,4148,1367,8345,202,node1
11,2019-11-23 00:00:00,5294,8767,1086,1120,912,647,523,4126,1423,8553,171,node1
12,2019-11-24 00:00:00,5296,8805,1090,1123,944,670,521,4150,1381,8586,176,node1
13,2019-11-25 00:00:00,5296,8808,1090,1123,947,644,521,4173,1384,8589,176,node1
14,2019-11-26 00:00:00,5304,8824,1097,1126,947,658,523,4172,1382,8605,176,node1
15,2019-11-27 00:00:00,5309,8810,1084,1112,954,646,515,4187,1380,8596,171,node1
16,2019-11-28 00:00:00,5317,8930,1084,1089,974,694,515,4222,1420,8716,171,node1
17,2019-11-29 00:00:00,5318,8830,1094,1093,941,649,530,4193,1408,8616,171,node1
18,2019-11-30 00:00:00,5319,8835,1094,1110,945,649,530,4207,1378,8621,171,node1
19,2019-12-01 00:00:00,5319,8974,1094,1093,968,709,530,4224,1434,8760,171,node1
20,2019-12-02 00:00:00,5319,8831,1094,1117,941,649,530,4200,1378,8617,171,node1
21,2019-12-03 00:00:00,5319,8830,1091,1118,945,649,530,4160,1412,8627,160,node1
22,2019-12-04 00:00:00,5321,8778,1098,1117,920,647,528,4147,1403,8579,156,node1
23,2019-12-05 00:00:00,5329,8775,1094,1118,916,679,529,4148,1369,8580,152,node1
24,2019-12-06 00:00:00,5336,8746,1091,1088,910,645,521,4196,1370,8537,166,node1
25,2019-12-07 00:00:00,5340,8745,1085,1111,909,635,521,4194,1359,8536,166,node1
26,2019-12-08 00:00:00,5342,8748,1085,1111,910,671,521,4160,1359,8539,166,node1
27,2019-12-10 00:00:00,5348,8725,1088,1104,902,635,517,4156,1395,8515,167,node1
28,2019-12-11 00:00:00,5365,8708,1084,1095,900,641,511,4169,1376,8495,170,node1
29,2019-12-12 00:00:00,5366,8681,1107,1068,888,634,507,4219,1349,8419,219,node1
30,2019-12-13 00:00:00,5370,8683,1104,1068,888,624,503,4232,1352,8428,212,node1
31,2019-12-14 00:00:00,5370,8680,1103,1066,883,626,503,4232,1354,8425,212,node1
32,2019-12-15 00:00:00,5370,8681,1103,1066,884,639,503,4219,1354,8426,212,node1
33,2019-12-16 00:00:00,5370,8682,1104,1065,883,627,503,4232,1356,8427,212,node1
34,2019-12-17 00:00:00,5386,8716,1103,1057,887,652,503,4227,1374,8467,206,node1
35,2019-12-18 00:00:00,5400,8722,1092,1071,888,630,506,4254,1357,8482,197,node1
36,2019-12-19 00:00:00,5402,8834,1104,1097,897,652,530,4266,1376,8604,187,node1
37,2019-12-20 00:00:00,5402,8758,1112,1066,891,681,499,4231,1374,8526,189,node1
38,2019-12-21 00:00:00,5406,8885,1092,1101,913,667,524,4265,1399,8678,164,node1
39,2019-12-22 00:00:00,5406,8869,1092,1107,909,687,524,4233,1393,8662,164,node1
40,2019-12-23 00:00:00,5406,8866,1091,1090,936,674,524,4233,1393,8659,164,node1
41,2019-12-24 00:00:00,5406,8837,1081,1096,919,669,519,4230,1388,8635,159,node1
42,2019-12-25 00:00:00,5408,8854,1081,1104,924,670,520,4231,1389,8652,159,node1
43,2019-12-26 00:00:00,5408,8855,1081,1104,912,660,520,4254,1389,8653,159,node1
44,2019-12-27 00:00:00,5408,8930,1057,1129,927,680,533,4236,1409,8749,138,node1
45,2019-12-28 00:00:00,5409,8938,1084,1126,925,670,544,4249,1408,8760,135,node1
46,2019-12-29 00:00:00,5409,8930,1120,1116,955,669,527,4260,1387,8728,159,node1
47,2019-12-30 00:00:00,5409,8918,1124,1114,947,658,525,4273,1385,8716,159,node1
48,2019-12-31 00:00:00,5409,8894,1121,1114,930,669,523,4259,1383,8687,164,node1
49,2020-01-01 00:00:00,5409,8892,1121,1090,928,663,523,4289,1383,8685,164,node1
50,2020-01-02 00:00:00,5409,8894,1121,1114,930,656,523,4272,1383,8687,164,node1
51,2020-01-03 00:00:00,5409,8940,1120,1110,944,670,523,4280,1397,8731,166,node1
52,2020-01-04 00:00:00,5409,8894,1112,1105,930,662,523,4268,1390,8689,162,node1
53,2020-01-05 00:00:00,5409,8895,1112,1098,931,662,523,4275,1390,8690,162,node1
54,2020-01-06 00:00:00,5409,8894,1112,1106,929,672,523,4258,1390,8689,162,node1
55,2020-01-07 00:00:00,5411,8912,1119,1114,933,662,523,4270,1394,8707,162,node1
56,2020-01-08 00:00:00,5423,8942,1122,1124,938,662,527,4281,1394,8739,160,node1
57,2020-01-09 00:00:00,5445,9034,1123,1130,945,732,547,4270,1394,8831,160,node1
58,2020-01-10 00:00:00,5445,9012,1116,1125,946,726,543,4266,1390,8809,160,node1
59,2020-01-11 00:00:00,5450,9023,1117,1150,947,666,543,4311,1390,8820,160,node1
60,2020-01-12 00:00:00,5454,9028,1117,1150,948,666,543,4315,1390,8825,160,node1
61,2020-01-13 00:00:00,5454,9026,1117,1150,946,666,543,4315,1390,8823,160,node1
62,2020-01-14 00:00:00,5454,9034,1123,1157,944,666,546,4315,1390,8831,160,node1
63,2020-01-15 00:00:00,5458,9043,1136,1155,944,672,544,4322,1390,8834,166,node1
64,2020-01-16 00:00:00,5485,8964,1147,1096,910,669,524,4352,1397,8715,206,node1
65,2020-01-17 00:00:00,5487,8964,1148,1096,908,669,524,4354,1397,8715,206,node1
66,2020-01-18 00:00:00,5488,9105,1077,1150,934,696,550,4342,1417,8903,159,node1
67,2020-01-19 00:00:00,5488,9084,1077,1144,931,693,547,4339,1414,8882,159,node1
68,2020-01-20 00:00:00,5488,9169,1078,1120,960,733,547,4353,1440,8967,159,node1
69,2020-01-21 00:00:00,5488,9067,1080,1118,932,702,546,4347,1406,8868,156,node1
70,2020-01-22 00:00:00,5488,9006,1077,1099,937,686,531,4347,1390,8813,150,node1
71,2020-01-23 00:00:00,5489,8961,1066,1074,915,686,538,4339,1393,8777,141,node1
72,2020-01-24 00:00:00,5467,8907,1047,1114,916,676,523,4290,1372,8741,123,node1
73,2020-01-25 00:00:00,5467,8846,1038,1090,876,643,513,4347,1361,8642,161,node1
74,2020-01-26 00:00:00,5467,8846,1038,1090,876,653,513,4337,1361,8642,161,node1
75,2020-01-27 00:00:00,5467,8845,1038,1090,875,703,513,4287,1361,8641,161,node1
76,2020-01-28 00:00:00,5467,8962,1031,1086,912,721,503,4325,1399,8784,135,node1
77,2020-01-29 00:00:00,5490,8851,1064,1076,893,657,498,4344,1367,8659,149,node1
78,2020-01-30 00:00:00,5497,8872,1068,1077,895,664,491,4355,1374,8668,161,node1
79,2020-01-31 00:00:00,5504,8899,1080,1081,907,673,498,4351,1373,8690,166,node1
80,2020-02-01 00:00:00,5504,8936,1078,1087,913,701,499,4336,1384,8732,161,node1
81,2020-02-02 00:00:00,5506,9169,1133,1131,970,739,520,4368,1425,8996,130,node1
82,2020-02-03 00:00:00,5512,9075,1161,1140,969,671,515,4380,1384,8886,146,node1
83,2020-02-04 00:00:00,5517,9079,1163,1140,968,686,515,4370,1384,8890,146,node1
84,2020-02-05 00:00:00,5520,9109,1163,1162,965,685,537,4356,1388,8920,146,node1
85,2020-02-06 00:00:00,5521,9016,1146,1116,968,658,524,4361,1373,8816,157,node1
86,2020-02-07 00:00:00,5528,9014,1144,1113,957,640,530,4387,1371,8799,172,node1
87,2020-02-08 00:00:00,5528,9066,1142,1091,967,690,530,4387,1385,8851,172,node1
88,2020-02-09 00:00:00,5528,9103,1142,1091,976,700,530,4397,1393,8888,172,node1
89,2020-02-10 00:00:00,5532,9094,1142,1091,977,688,530,4401,1391,8879,172,node1
90,2020-02-11 00:00:00,5519,8961,1140,1090,942,641,531,4350,1391,8750,168,node1
91,2020-02-12 00:00:00,5521,8992,1132,1093,952,674,531,4326,1399,8785,163,node1
92,2020-02-13 00:00:00,5524,9052,1132,1106,959,674,525,4386,1385,8843,165,node1
93,2020-02-14 00:00:00,5524,8995,1151,1109,946,643,525,4382,1373,8782,169,node1
94,2020-02-15 00:00:00,5531,9001,1156,1109,946,666,518,4379,1366,8793,164,node1
95,2020-02-16 00:00:00,5531,9001,1156,1109,946,696,518,4349,1366,8793,164,node1
96,2020-02-17 00:00:00,5531,8998,1156,1109,944,686,518,4358,1366,8790,164,node1
97,2020-02-18 00:00:00,5532,9003,1157,1119,947,656,518,4380,1366,8795,164,node1
98,2020-02-19 00:00:00,5533,9004,1157,1123,947,692,518,4341,1366,8796,164,node1
99,2020-02-20 00:00:00,5538,8949,1169,1080,929,676,510,4375,1362,8695,209,node1
100,2020-02-21 00:00:00,5541,8925,1153,1079,933,656,502,4387,1351,8687,194,node1
101,2020-02-22 00:00:00,5535,9003,1165,1086,940,682,511,4383,1384,8774,185,node1
102,2020-02-23 00:00:00,5545,9013,1165,1086,940,702,511,4373,1384,8784,185,node1
103,2020-02-24 00:00:00,5544,9009,1158,1093,940,682,511,4382,1384,8780,185,node1
104,2020-02-25 00:00:00,5552,9010,1160,1078,938,703,511,4358,1405,8781,185,node1
105,2020-02-26 00:00:00,5553,9101,1171,1122,958,689,517,4393,1405,8888,169,node1
106,2020-02-27 00:00:00,5553,9124,1170,1127,986,672,520,4406,1396,8928,152,node1
107,2020-02-28 00:00:00,5556,9155,1173,1136,991,683,520,4408,1400,8959,152,node1
108,2020-02-29 00:00:00,5564,9142,1151,1127,980,687,527,4412,1392,8935,163,node1
109,2020-03-01 00:00:00,5564,9142,1152,1127,980,687,527,4412,1392,8935,163,node1
110,2020-03-03 00:00:00,5568,9138,1151,1119,979,686,527,4385,1425,8931,163,node1
111,2020-03-04 00:00:00,5570,9150,1158,1114,981,695,529,4407,1407,8943,163,node1
112,2020-03-05 00:00:00,5571,9150,1159,1117,982,703,531,4405,1394,8942,163,node1
113,2020-03-06 00:00:00,5583,9174,1139,1132,983,704,535,4407,1395,8966,163,node1
114,2020-03-07 00:00:00,5587,9250,1157,1159,988,716,522,4428,1419,9007,198,node1
115,2020-03-08 00:00:00,5587,9250,1157,1129,988,726,522,4428,1439,9007,198,node1
116,2020-03-09 00:00:00,5588,9251,1157,1149,988,726,522,4429,1419,9008,198,node1
117,2020-03-10 00:00:00,5594,9281,1163,1130,990,751,522,4451,1419,9041,195,node1
118,2020-03-11 00:00:00,5588,9138,1154,1140,976,713,518,4384,1389,8919,174,node1
119,2020-03-12 00:00:00,5588,9060,1160,1112,955,679,504,4417,1375,8820,195,node1
120,2020-03-13 00:00:00,5590,9053,1160,1109,952,679,501,4419,1375,8813,195,node1
121,2020-03-14 00:00:00,5605,9057,1173,1105,950,707,499,4405,1373,8811,201,node1
122,2020-03-15 00:00:00,5613,9065,1176,1105,950,677,499,4443,1373,8819,201,node1
123,2020-03-16 00:00:00,5613,9065,1176,1105,972,677,499,4421,1373,8819,201,node1
124,2020-03-17 00:00:00,5617,9069,1182,1105,950,717,499,4407,1373,8823,201,node1
125,2020-03-18 00:00:00,5617,9089,1185,1105,962,679,512,4429,1384,8843,201,node1
126,2020-03-19 00:00:00,5659,9078,1197,1088,940,676,500,4486,1370,8801,232,node1
127,2020-03-20 00:00:00,5661,9290,1189,1130,991,724,511,4504,1412,9050,195,node1
128,2020-03-21 00:00:00,5661,9228,1195,1103,975,707,509,4504,1412,8990,193,node1
129,2020-03-22 00:00:00,5661,9350,1195,1107,1001,755,509,4520,1440,9112,193,node1
130,2020-03-23 00:00:00,5667,9238,1194,1125,978,688,509,4478,1442,9000,193,node1
131,2020-03-24 00:00:00,5673,9299,1086,1175,982,703,526,4449,1446,9111,143,node1
132,2020-03-25 00:00:00,5682,9377,1092,1155,1003,727,526,4468,1480,9189,143,node1
133,2020-03-26 00:00:00,5686,9271,1097,1158,974,697,520,4464,1440,9068,158,node1
134,2020-03-27 00:00:00,5686,9385,1098,1131,1014,751,518,4501,1452,9187,153,node1
135,2020-03-28 00:00:00,5686,9213,1102,1148,968,685,509,4453,1432,9015,153,node1
136,2020-03-29 00:00:00,5694,9221,1103,1128,969,685,509,4450,1462,9015,161,node1
137,2020-03-30 00:00:00,5695,9244,1101,1132,995,691,509,4467,1432,9038,161,node1
138,2020-03-31 00:00:00,5710,9359,1159,1185,1003,700,525,4506,1422,9169,145,node1
139,2020-04-01 00:00:00,5727,9411,1203,1151,1032,693,515,4536,1465,9197,168,node1
140,2020-04-02 00:00:00,5731,9405,1197,1152,1038,691,515,4559,1431,9191,168,node1
141,2020-04-03 00:00:00,5732,9393,1197,1178,1028,689,515,4513,1451,9179,168,node1
142,2020-04-04 00:00:00,5735,9362,1190,1164,1018,679,515,4506,1461,9148,168,node1
143,2020-04-05 00:00:00,5737,9344,1190,1154,1018,669,515,4498,1471,9130,168,node1
144,2020-04-06 00:00:00,5737,9344,1189,1155,1018,669,515,4574,1394,9130,168,node1
145,2020-04-07 00:00:00,5738,9395,1190,1185,1023,708,517,4510,1433,9182,167,node1
146,2020-04-08 00:00:00,5745,9553,1194,1175,1051,749,517,4573,1469,9340,167,node1
147,2020-04-09 00:00:00,5761,9382,1190,1211,1010,713,525,4513,1391,9169,167,node1
148,2020-04-10 00:00:00,5764,9457,1192,1204,1017,731,521,4545,1420,9242,169,node1
149,2020-04-11 00:00:00,5764,9453,1184,1203,1014,726,518,4548,1425,9241,166,node1
150,2020-04-12 00:00:00,5774,9463,1187,1203,1014,726,518,4558,1425,9246,171,node1
151,2020-04-13 00:00:00,5777,9466,1187,1203,1014,726,518,4561,1425,9249,171,node1
152,2020-04-14 00:00:00,5814,9509,1191,1200,1014,726,518,4597,1435,9280,183,node1
153,2020-04-15 00:00:00,5835,9453,1198,1209,1008,663,517,4632,1405,9206,201,node1
154,2020-04-16 00:00:00,5840,9442,1229,1151,982,649,512,4656,1409,9165,231,node1
155,2020-04-17 00:00:00,5841,9595,1220,1174,1018,726,518,4597,1453,9344,205,node1
156,2020-04-18 00:00:00,5841,9602,1205,1165,1008,737,519,4610,1456,9347,209,node1
157,2020-04-19 00:00:00,5841,9794,1205,1177,1044,745,519,4682,1520,9537,211,node1
158,2020-04-20 00:00:00,5841,9652,1200,1175,1019,731,519,4621,1480,9395,211,node1
159,2020-04-21 00:00:00,5847,9737,1200,1167,1022,720,517,4662,1525,9460,231,node1
160,2020-04-22 00:00:00,5844,9865,1216,1182,1053,746,522,4683,1553,9583,236,node1
161,2020-04-23 00:00:00,5853,9753,1223,1163,1041,725,523,4634,1525,9484,223,node1
162,2020-04-24 00:00:00,5856,9763,1142,1236,1067,714,539,4613,1520,9537,180,node1
163,2020-04-25 00:00:00,5872,9802,1121,1178,1050,744,520,4677,1573,9571,185,node1
164,2020-04-26 00:00:00,5873,9643,1121,1182,1020,688,520,4650,1523,9412,185,node1
165,2020-04-28 00:00:00,5876,9641,1126,1174,1020,733,519,4622,1513,9410,185,node1
166,2020-04-29 00:00:00,5880,9734,1131,1153,1032,737,515,4663,1557,9516,172,node1
167,2020-04-30 00:00:00,5880,9615,1135,1133,1022,738,504,4635,1498,9377,192,node1
168,2020-05-01 00:00:00,5880,9623,1149,1150,1018,722,501,4638,1494,9373,204,node1
169,2020-05-02 00:00:00,5882,9610,1149,1130,1013,732,499,4635,1494,9347,217,node1
170,2020-05-03 00:00:00,5882,9610,1148,1145,1013,722,499,4635,1489,9347,217,node1
171,2020-05-04 00:00:00,5883,9644,1153,1143,1033,701,499,4646,1515,9381,217,node1
172,2020-05-05 00:00:00,5888,9734,1155,1136,1015,727,499,4699,1541,9478,210,node1
173,2020-05-06 00:00:00,5902,9645,1149,1152,1002,722,505,4651,1498,9397,202,node1
174,2020-05-07 00:00:00,5905,9826,1153,1155,1031,759,508,4702,1562,9581,199,node1
175,2020-05-08 00:00:00,5907,9854,1153,1160,1038,755,510,4712,1568,9604,204,node1
176,2020-05-09 00:00:00,5908,9735,1144,1158,1021,739,510,4675,1528,9485,204,node1
177,2020-05-10 00:00:00,5908,9848,1145,1160,1038,755,510,4713,1568,9602,200,node1
178,2020-05-11 00:00:00,5908,9848,1145,1159,1038,755,510,4714,1568,9602,200,node1
179,2020-05-12 00:00:00,5912,9855,1160,1151,1037,753,505,4717,1568,9602,207,node1
180,2020-05-13 00:00:00,5911,9868,1160,1152,1044,756,505,4716,1571,9615,207,node1
181,2020-05-14 00:00:00,5915,9768,1219,1139,993,715,500,4707,1535,9458,263,node1
182,2020-05-15 00:00:00,5916,9670,1213,1124,980,731,506,4665,1495,9361,262,node1
183,2020-05-16 00:00:00,5917,9724,1228,1167,1009,712,517,4647,1510,9451,226,node1
184,2020-05-17 00:00:00,5919,10000,1238,1180,1085,731,514,4746,1580,9726,227,node1
185,2020-05-18 00:00:00,5925,9992,1228,1180,1085,729,514,4740,1580,9728,217,node1
186,2020-05-19 00:00:00,5926,9964,1218,1202,1065,754,515,4714,1556,9694,223,node1
187,2020-05-20 00:00:00,5930,9968,1210,1212,1066,747,515,4723,1553,9692,229,node1
188,2020-05-21 00:00:00,5930,9966,1215,1212,1078,754,517,4712,1553,9698,221,node1
189,2020-05-22 00:00:00,5939,9947,1221,1209,1049,748,517,4723,1549,9689,211,node1
190,2020-05-23 00:00:00,5939,9955,1218,1204,1056,748,517,4724,1554,9696,212,node1
191,2020-05-24 00:00:00,5940,10026,1218,1204,1066,752,517,4755,1580,9767,212,node1
192,2020-05-25 00:00:00,5940,10022,1219,1204,1066,746,517,4757,1580,9763,212,node1
193,2020-05-26 00:00:00,5941,10027,1217,1204,1066,752,517,4755,1581,9760,220,node1
194,2020-05-27 00:00:00,5951,10016,1213,1193,1061,752,515,4762,1583,9749,220,node1
195,2020-06-04 00:00:00,5979,9849,1206,1163,1036,740,511,4723,1523,9588,213,node1
196,2020-06-05 00:00:00,5981,9959,1195,1185,1056,741,508,4763,1565,9700,211,node1
197,2020-06-06 00:00:00,5991,9977,1210,1193,1052,739,508,4757,1554,9724,205,node1
198,2020-06-07 00:00:00,5991,9987,1210,1193,1055,741,508,4761,1555,9734,205,node1
199,2020-06-08 00:00:00,5992,9970,1210,1189,1051,737,508,4758,1553,9717,205,node1
200,2020-06-09 00:00:00,5997,9868,1216,1190,1023,700,513,4737,1515,9616,204,node1
201,2020-06-10 00:00:00,6011,9963,1243,1204,1053,696,516,4768,1528,9695,220,node1
202,2020-06-11 00:00:00,6012,9742,1244,1103,990,697,497,4752,1519,9443,251,node1
203,2020-06-12 00:00:00,6013,9767,1199,1115,1008,713,503,4773,1509,9479,240,node1
204,2020-06-13 00:00:00,6013,9943,1193,1119,1038,732,503,4834,1569,9655,240,node1
205,2020-06-14 00:00:00,6013,9862,1193,1118,1028,722,503,4804,1539,9574,240,node1
206,2020-06-15 00:00:00,6013,9845,1193,1119,1024,718,503,4802,1531,9557,240,node1
207,2020-06-16 00:00:00,6013,9829,1196,1131,1013,715,501,4790,1531,9540,241,node1
208,2020-06-17 00:00:00,6014,9908,1202,1128,1042,757,504,4784,1555,9631,229,node1
0,2019-11-11 00:00:00,5193,8657,1049,1103,908,665,521,4041,1403,8467,147,node2
1,2019-11-13 00:00:00,5202,8594,1050,1083,871,664,519,4044,1397,8410,141,node2
2,2019-11-14 00:00:00,5204,8673,1057,1115,902,677,519,4051,1393,8464,166,node2
3,2019-11-15 00:00:00,5246,8710,1056,1106,898,676,518,4104,1392,8478,189,node2
4,2019-11-16 00:00:00,5249,8700,1055,1096,893,686,518,4099,1392,8470,187,node2
5,2019-11-17 00:00:00,5250,8699,1055,1096,891,676,518,4099,1403,8469,187,node2
6,2019-11-18 00:00:00,5250,8749,1056,1072,902,712,518,4117,1412,8519,187,node2
7,2019-11-19 00:00:00,5251,8698,1033,1104,897,653,517,4121,1390,8477,178,node2
8,2019-11-20 00:00:00,5272,8739,1033,1124,886,689,528,4111,1385,8516,180,node2
9,2019-11-21 00:00:00,5282,8744,1038,1119,884,650,525,4140,1410,8506,195,node2
10,2019-11-22 00:00:00,5287,8590,1044,1071,863,622,503,4148,1367,8345,202,node2
11,2019-11-23 00:00:00,5294,8767,1086,1120,912,647,523,4126,1423,8553,171,node2
12,2019-11-24 00:00:00,5296,8805,1090,1123,944,670,521,4150,1381,8586,176,node2
13,2019-11-25 00:00:00,5296,8808,1090,1123,947,644,521,4173,1384,8589,176,node2
14,2019-11-26 00:00:00,5304,8824,1097,1126,947,658,523,4172,1382,8605,176,node2
15,2019-11-27 00:00:00,5309,8810,1084,1112,954,646,515,4187,1380,8596,171,node2
16,2019-11-28 00:00:00,5317,8930,1084,1089,974,694,515,4222,1420,8716,171,node2
17,2019-11-29 00:00:00,5318,8830,1094,1093,941,649,530,4193,1408,8616,171,node2
18,2019-11-30 00:00:00,5319,8835,1094,1110,945,649,530,4207,1378,8621,171,node2
19,2019-12-01 00:00:00,5319,8974,1094,1093,968,709,530,4224,1434,8760,171,node2
20,2019-12-02 00:00:00,5319,8831,1094,1117,941,649,530,4200,1378,8617,171,node2
21,2019-12-03 00:00:00,5319,8830,1091,1118,945,649,530,4160,1412,8627,160,node2
22,2019-12-04 00:00:00,5321,8778,1098,1117,920,647,528,4147,1403,8579,156,node2
23,2019-12-05 00:00:00,5329,8775,1094,1118,916,679,529,4148,1369,8580,152,node2
24,2019-12-06 00:00:00,5336,8746,1091,1088,910,645,521,4196,1370,8537,166,node2
25,2019-12-07 00:00:00,5340,8745,1085,1111,909,635,521,4194,1359,8536,166,node2
26,2019-12-08 00:00:00,5342,8748,1085,1111,910,671,521,4160,1359,8539,166,node2
27,2019-12-10 00:00:00,5348,8725,1088,1104,902,635,517,4156,1395,8515,167,node2
28,2019-12-11 00:00:00,5365,8708,1084,1095,900,641,511,4169,1376,8495,170,node2
29,2019-12-12 00:00:00,5366,8681,1107,1068,888,634,507,4219,1349,8419,219,node2
30,2019-12-13 00:00:00,5370,8683,1104,1068,888,624,503,4232,1352,8428,212,node2
31,2019-12-14 00:00:00,5370,8680,1103,1066,883,626,503,4232,1354,8425,212,node2
32,2019-12-15 00:00:00,5370,8681,1103,1066,884,639,503,4219,1354,8426,212,node2
33,2019-12-16 00:00:00,5370,8682,1104,1065,883,627,503,4232,1356,8427,212,node2
34,2019-12-17 00:00:00,5386,8716,1103,1057,887,652,503,4227,1374,8467,206,node2
35,2019-12-18 00:00:00,5400,8722,1092,1071,888,630,506,4254,1357,8482,197,node2
36,2019-12-19 00:00:00,5402,8834,1104,1097,897,652,530,4266,1376,8604,187,node2
37,2019-12-20 00:00:00,5402,8758,1112,1066,891,681,499,4231,1374,8526,189,node2
38,2019-12-21 00:00:00,5406,8885,1092,1101,913,667,524,4265,1399,8678,164,node2
39,2019-12-22 00:00:00,5406,8869,1092,1107,909,687,524,4233,1393,8662,164,node2
40,2019-12-23 00:00:00,5406,8866,1091,1090,936,674,524,4233,1393,8659,164,node2
41,2019-12-24 00:00:00,5406,8837,1081,1096,919,669,519,4230,1388,8635,159,node2
42,2019-12-25 00:00:00,5408,8854,1081,1104,924,670,520,4231,1389,8652,159,node2
43,2019-12-26 00:00:00,5408,8855,1081,1104,912,660,520,4254,1389,8653,159,node2
44,2019-12-27 00:00:00,5408,8930,1057,1129,927,680,533,4236,1409,8749,138,node2
45,2019-12-28 00:00:00,5409,8938,1084,1126,925,670,544,4249,1408,8760,135,node2
46,2019-12-29 00:00:00,5409,8930,1120,1116,955,669,527,4260,1387,8728,159,node2
47,2019-12-30 00:00:00,5409,8918,1124,1114,947,658,525,4273,1385,8716,159,node2
48,2019-12-31 00:00:00,5409,8894,1121,1114,930,669,523,4259,1383,8687,164,node2
49,2020-01-01 00:00:00,5409,8892,1121,1090,928,663,523,4289,1383,8685,164,node2
50,2020-01-02 00:00:00,5409,8894,1121,1114,930,656,523,4272,1383,8687,164,node2
51,2020-01-03 00:00:00,5409,8940,1120,1110,944,670,523,4280,1397,8731,166,node2
52,2020-01-04 00:00:00,5409,8894,1112,1105,930,662,523,4268,1390,8689,162,node2
53,2020-01-05 00:00:00,5409,8895,1112,1098,931,662,523,4275,1390,8690,162,node2
54,2020-01-06 00:00:00,5409,8894,1112,1106,929,672,523,4258,1390,8689,162,node2
55,2020-01-07 00:00:00,5411,8912,1119,1114,933,662,523,4270,1394,8707,162,node2
56,2020-01-08 00:00:00,5423,8942,1122,1124,938,662,527,4281,1394,8739,160,node2
57,2020-01-09 00:00:00,5445,9034,1123,1130,945,732,547,4270,1394,8831,160,node2
58,2020-01-10 00:00:00,5445,9012,1116,1125,946,726,543,4266,1390,8809,160,node2
59,2020-01-11 00:00:00,5450,9023,1117,1150,947,666,543,4311,1390,8820,160,node2
60,2020-01-12 00:00:00,5454,9028,1117,1150,948,666,543,4315,1390,8825,160,node2
61,2020-01-13 00:00:00,5454,9026,1117,1150,946,666,543,4315,1390,8823,160,node2
62,2020-01-14 00:00:00,5454,9034,1123,1157,944,666,546,4315,1390,8831,160,node2
63,2020-01-15 00:00:00,5458,9043,1136,1155,944,672,544,4322,1390,8834,166,node2
64,2020-01-16 00:00:00,5485,8964,1147,1096,910,669,524,4352,1397,8715,206,node2
65,2020-01-17 00:00:00,5487,8964,1148,1096,908,669,524,4354,1397,8715,206,node2
66,2020-01-18 00:00:00,5488,9105,1077,1150,934,696,550,4342,1417,8903,159,node2
67,2020-01-19 00:00:00,5488,9084,1077,1144,931,693,547,4339,1414,8882,159,node2
68,2020-01-20 00:00:00,5488,9169,1078,1120,960,733,547,4353,1440,8967,159,node2
69,2020-01-21 00:00:00,5488,9067,1080,1118,932,702,546,4347,1406,8868,156,node2
70,2020-01-22 00:00:00,5488,9006,1077,1099,937,686,531,4347,1390,8813,150,node2
71,2020-01-23 00:00:00,5489,8961,1066,1074,915,686,538,4339,1393,8777,141,node2
72,2020-01-24 00:00:00,5467,8907,1047,1114,916,676,523,4290,1372,8741,123,node2
73,2020-01-25 00:00:00,5467,8846,1038,1090,876,643,513,4347,1361,8642,161,node2
74,2020-01-26 00:00:00,5467,8846,1038,1090,876,653,513,4337,1361,8642,161,node2
75,2020-01-27 00:00:00,5467,8845,1038,1090,875,703,513,4287,1361,8641,161,node2
76,2020-01-28 00:00:00,5467,8962,1031,1086,912,721,503,4325,1399,8784,135,node2
77,2020-01-29 00:00:00,5490,8851,1064,1076,893,657,498,4344,1367,8659,149,node2
78,2020-01-30 00:00:00,5497,8872,1068,1077,895,664,491,4355,1374,8668,161,node2
79,2020-01-31 00:00:00,5504,8899,1080,1081,907,673,498,4351,1373,8690,166,node2
80,2020-02-01 00:00:00,5504,8936,1078,1087,913,701,499,4336,1384,8732,161,node2
81,2020-02-02 00:00:00,5506,9169,1133,1131,970,739,520,4368,1425,8996,130,node2
82,2020-02-03 00:00:00,5512,9075,1161,1140,969,671,515,4380,1384,8886,146,node2
83,2020-02-04 00:00:00,5517,9079,1163,1140,968,686,515,4370,1384,8890,146,node2
84,2020-02-05 00:00:00,5520,9109,1163,1162,965,685,537,4356,1388,8920,146,node2
85,2020-02-06 00:00:00,5521,9016,1146,1116,968,658,524,4361,1373,8816,157,node2
86,2020-02-07 00:00:00,5528,9014,1144,1113,957,640,530,4387,1371,8799,172,node2
87,2020-02-08 00:00:00,5528,9066,1142,1091,967,690,530,4387,1385,8851,172,node2
88,2020-02-09 00:00:00,5528,9103,1142,1091,976,700,530,4397,1393,8888,172,node2
89,2020-02-10 00:00:00,5532,9094,1142,1091,977,688,530,4401,1391,8879,172,node2
90,2020-02-11 00:00:00,5519,8961,1140,1090,942,641,531,4350,1391,8750,168,node2
91,2020-02-12 00:00:00,5521,8992,1132,1093,952,674,531,4326,1399,8785,163,node2
92,2020-02-13 00:00:00,5524,9052,1132,1106,959,674,525,4386,1385,8843,165,node2
93,2020-02-14 00:00:00,5524,8995,1151,1109,946,643,525,4382,1373,8782,169,node2
94,2020-02-15 00:00:00,5531,9001,1156,1109,946,666,518,4379,1366,8793,164,node2
95,2020-02-16 00:00:00,5531,9001,1156,1109,946,696,518,4349,1366,8793,164,node2
96,2020-02-17 00:00:00,5531,8998,1156,1109,944,686,518,4358,1366,8790,164,node2
97,2020-02-18 00:00:00,5532,9003,1157,1119,947,656,518,4380,1366,8795,164,node2
98,2020-02-19 00:00:00,5533,9004,1157,1123,947,692,518,4341,1366,8796,164,node2
99,2020-02-20 00:00:00,5538,8949,1169,1080,929,676,510,4375,1362,8695,209,node2
100,2020-02-21 00:00:00,5541,8925,1153,1079,933,656,502,4387,1351,8687,194,node2
101,2020-02-22 00:00:00,5535,9003,1165,1086,940,682,511,4383,1384,8774,185,node2
102,2020-02-23 00:00:00,5545,9013,1165,1086,940,702,511,4373,1384,8784,185,node2
103,2020-02-24 00:00:00,5544,9009,1158,1093,940,682,511,4382,1384,8780,185,node2
104,2020-02-25 00:00:00,5552,9010,1160,1078,938,703,511,4358,1405,8781,185,node2
105,2020-02-26 00:00:00,5553,9101,1171,1122,958,689,517,4393,1405,8888,169,node2
106,2020-02-27 00:00:00,5553,9124,1170,1127,986,672,520,4406,1396,8928,152,node2
107,2020-02-28 00:00:00,5556,9155,1173,1136,991,683,520,4408,1400,8959,152,node2
108,2020-02-29 00:00:00,5564,9142,1151,1127,980,687,527,4412,1392,8935,163,node2
109,2020-03-01 00:00:00,5564,9142,1152,1127,980,687,527,4412,1392,8935,163,node2
110,2020-03-03 00:00:00,5568,9138,1151,1119,979,686,527,4385,1425,8931,163,node2
111,2020-03-04 00:00:00,5570,9150,1158,1114,981,695,529,4407,1407,8943,163,node2
112,2020-03-05 00:00:00,5571,9150,1159,1117,982,703,531,4405,1394,8942,163,node2
113,2020-03-06 00:00:00,5583,9174,1139,1132,983,704,535,4407,1395,8966,163,node2
114,2020-03-07 00:00:00,5587,9250,1157,1159,988,716,522,4428,1419,9007,198,node2
115,2020-03-08 00:00:00,5587,9250,1157,1129,988,726,522,4428,1439,9007,198,node2
116,2020-03-09 00:00:00,5588,9251,1157,1149,988,726,522,4429,1419,9008,198,node2
117,2020-03-10 00:00:00,5594,9281,1163,1130,990,751,522,4451,1419,9041,195,node2
118,2020-03-11 00:00:00,5588,9138,1154,1140,976,713,518,4384,1389,8919,174,node2
119,2020-03-12 00:00:00,5588,9060,1160,1112,955,679,504,4417,1375,8820,195,node2
120,2020-03-13 00:00:00,5590,9053,1160,1109,952,679,501,4419,1375,8813,195,node2
121,2020-03-14 00:00:00,5605,9057,1173,1105,950,707,499,4405,1373,8811,201,node2
122,2020-03-15 00:00:00,5613,9065,1176,1105,950,677,499,4443,1373,8819,201,node2
123,2020-03-16 00:00:00,5613,9065,1176,1105,972,677,499,4421,1373,8819,201,node2
124,2020-03-17 00:00:00,5617,9069,1182,1105,950,717,499,4407,1373,8823,201,node2
125,2020-03-18 00:00:00,5617,9089,1185,1105,962,679,512,4429,1384,8843,201,node2
126,2020-03-19 00:00:00,5659,9078,1197,1088,940,676,500,4486,1370,8801,232,node2
127,2020-03-20 00:00:00,5661,9290,1189,1130,991,724,511,4504,1412,9050,195,node2
128,2020-03-21 00:00:00,5661,9228,1195,1103,975,707,509,4504,1412,8990,193,node2
129,2020-03-22 00:00:00,5661,9350,1195,1107,1001,755,509,4520,1440,9112,193,node2
130,2020-03-23 00:00:00,5667,9238,1194,1125,978,688,509,4478,1442,9000,193,node2
131,2020-03-24 00:00:00,5673,9299,1086,1175,982,703,526,4449,1446,9111,143,node2
132,2020-03-25 00:00:00,5682,9377,1092,1155,1003,727,526,4468,1480,9189,143,node2
133,2020-03-26 00:00:00,5686,9271,1097,1158,974,697,520,4464,1440,9068,158,node2
134,2020-03-27 00:00:00,5686,9385,1098,1131,1014,751,518,4501,1452,9187,153,node2
135,2020-03-28 00:00:00,5686,9213,1102,1148,968,685,509,4453,1432,9015,153,node2
136,2020-03-29 00:00:00,5694,9221,1103,1128,969,685,509,4450,1462,9015,161,node2
137,2020-03-30 00:00:00,5695,9244,1101,1132,995,691,509,4467,1432,9038,161,node2
138,2020-03-31 00:00:00,5710,9359,1159,1185,1003,700,525,4506,1422,9169,145,node2
139,2020-04-01 00:00:00,5727,9411,1203,1151,1032,693,515,4536,1465,9197,168,node2
140,2020-04-02 00:00:00,5731,9405,1197,1152,1038,691,515,4559,1431,9191,168,node2
141,2020-04-03 00:00:00,5732,9393,1197,1178,1028,689,515,4513,1451,9179,168,node2
142,2020-04-04 00:00:00,5735,9362,1190,1164,1018,679,515,4506,1461,9148,168,node2
143,2020-04-05 00:00:00,5737,9344,1190,1154,1018,669,515,4498,1471,9130,168,node2
144,2020-04-06 00:00:00,5737,9344,1189,1155,1018,669,515,4574,1394,9130,168,node2
145,2020-04-07 00:00:00,5738,9395,1190,1185,1023,708,517,4510,1433,9182,167,node2
146,2020-04-08 00:00:00,5745,9553,1194,1175,1051,749,517,4573,1469,9340,167,node2
147,2020-04-09 00:00:00,5761,9382,1190,1211,1010,713,525,4513,1391,9169,167,node2
148,2020-04-10 00:00:00,5764,9457,1192,1204,1017,731,521,4545,1420,9242,169,node2
149,2020-04-11 00:00:00,5764,9453,1184,1203,1014,726,518,4548,1425,9241,166,node2
150,2020-04-12 00:00:00,5774,9463,1187,1203,1014,726,518,4558,1425,9246,171,node2
151,2020-04-13 00:00:00,5777,9466,1187,1203,1014,726,518,4561,1425,9249,171,node2
152,2020-04-14 00:00:00,5814,9509,1191,1200,1014,726,518,4597,1435,9280,183,node2
153,2020-04-15 00:00:00,5835,9453,1198,1209,1008,663,517,4632,1405,9206,201,node2
154,2020-04-16 00:00:00,5840,9442,1229,1151,982,649,512,4656,1409,9165,231,node2
155,2020-04-17 00:00:00,5841,9595,1220,1174,1018,726,518,4597,1453,9344,205,node2
156,2020-04-18 00:00:00,5841,9602,1205,1165,1008,737,519,4610,1456,9347,209,node2
157,2020-04-19 00:00:00,5841,9794,1205,1177,1044,745,519,4682,1520,9537,211,node2
158,2020-04-20 00:00:00,5841,9652,1200,1175,1019,731,519,4621,1480,9395,211,node2
159,2020-04-21 00:00:00,5847,9737,1200,1167,1022,720,517,4662,1525,9460,231,node2
160,2020-04-22 00:00:00,5844,9865,1216,1182,1053,746,522,4683,1553,9583,236,node2
161,2020-04-23 00:00:00,5853,9753,1223,1163,1041,725,523,4634,1525,9484,223,node2
162,2020-04-24 00:00:00,5856,9763,1142,1236,1067,714,539,4613,1520,9537,180,node2
163,2020-04-25 00:00:00,5872,9802,1121,1178,1050,744,520,4677,1573,9571,185,node2
164,2020-04-26 00:00:00,5873,9643,1121,1182,1020,688,520,4650,1523,9412,185,node2
165,2020-04-28 00:00:00,5876,9641,1126,1174,1020,733,519,4622,1513,9410,185,node2
166,2020-04-29 00:00:00,5880,9734,1131,1153,1032,737,515,4663,1557,9516,172,node2
167,2020-04-30 00:00:00,5880,9615,1135,1133,1022,738,504,4635,1498,9377,192,node2
168,2020-05-01 00:00:00,5880,9623,1149,1150,1018,722,501,4638,1494,9373,204,node2
169,2020-05-02 00:00:00,5882,9610,1149,1130,1013,732,499,4635,1494,9347,217,node2
170,2020-05-03 00:00:00,5882,9610,1148,1145,1013,722,499,4635,1489,9347,217,node2
171,2020-05-04 00:00:00,5883,9644,1153,1143,1033,701,499,4646,1515,9381,217,node2
172,2020-05-05 00:00:00,5888,9734,1155,1136,1015,727,499,4699,1541,9478,210,node2
173,2020-05-06 00:00:00,5902,9645,1149,1152,1002,722,505,4651,1498,9397,202,node2
174,2020-05-07 00:00:00,5905,9826,1153,1155,1031,759,508,4702,1562,9581,199,node2
175,2020-05-08 00:00:00,5907,9854,1153,1160,1038,755,510,4712,1568,9604,204,node2
176,2020-05-09 00:00:00,5908,9735,1144,1158,1021,739,510,4675,1528,9485,204,node2
177,2020-05-10 00:00:00,5908,9848,1145,1160,1038,755,510,4713,1568,9602,200,node2
178,2020-05-11 00:00:00,5908,9848,1145,1159,1038,755,510,4714,1568,9602,200,node2
179,2020-05-12 00:00:00,5912,9855,1160,1151,1037,753,505,4717,1568,9602,207,node2
180,2020-05-13 00:00:00,5911,9868,1160,1152,1044,756,505,4716,1571,9615,207,node2
181,2020-05-14 00:00:00,5915,9768,1219,1139,993,715,500,4707,1535,9458,263,node2
182,2020-05-15 00:00:00,5916,9670,1213,1124,980,731,506,4665,1495,9361,262,node2
183,2020-05-16 00:00:00,5917,9724,1228,1167,1009,712,517,4647,1510,9451,226,node2
184,2020-05-17 00:00:00,5919,10000,1238,1180,1085,731,514,4746,1580,9726,227,node2
185,2020-05-18 00:00:00,5925,9992,1228,1180,1085,729,514,4740,1580,9728,217,node2
186,2020-05-19 00:00:00,5926,9964,1218,1202,1065,754,515,4714,1556,9694,223,node2
187,2020-05-20 00:00:00,5930,9968,1210,1212,1066,747,515,4723,1553,9692,229,node2
188,2020-05-21 00:00:00,5930,9966,1215,1212,1078,754,517,4712,1553,9698,221,node2
189,2020-05-22 00:00:00,5939,9947,1221,1209,1049,748,517,4723,1549,9689,211,node2
190,2020-05-23 00:00:00,5939,9955,1218,1204,1056,748,517,4724,1554,9696,212,node2
191,2020-05-24 00:00:00,5940,10026,1218,1204,1066,752,517,4755,1580,9767,212,node2
192,2020-05-25 00:00:00,5940,10022,1219,1204,1066,746,517,4757,1580,9763,212,node2
193,2020-05-26 00:00:00,5941,10027,1217,1204,1066,752,517,4755,1581,9760,220,node2
194,2020-05-27 00:00:00,5951,10016,1213,1193,1061,752,515,4762,1583,9749,220,node2
195,2020-06-04 00:00:00,5979,9849,1206,1163,1036,740,511,4723,1523,9588,213,node2
196,2020-06-05 00:00:00,5981,9959,1195,1185,1056,741,508,4763,1565,9700,211,node2
197,2020-06-06 00:00:00,5991,9977,1210,1193,1052,739,508,4757,1554,9724,205,node2
198,2020-06-07 00:00:00,5991,9987,1210,1193,1055,741,508,4761,1555,9734,205,node2
199,2020-06-08 00:00:00,5992,9970,1210,1189,1051,737,508,4758,1553,9717,205,node2
200,2020-06-09 00:00:00,5997,9868,1216,1190,1023,700,513,4737,1515,9616,204,node2
201,2020-06-10 00:00:00,6011,9963,1243,1204,1053,696,516,4768,1528,9695,220,node2
202,2020-06-11 00:00:00,6012,9742,1244,1103,990,697,497,4752,1519,9443,251,node2
203,2020-06-12 00:00:00,6013,9767,1199,1115,1008,713,503,4773,1509,9479,240,node2
204,2020-06-13 00:00:00,6013,9943,1193,1119,1038,732,503,4834,1569,9655,240,node2
205,2020-06-14 00:00:00,6013,9862,1193,1118,1028,722,503,4804,1539,9574,240,node2
206,2020-06-15 00:00:00,6013,9845,1193,1119,1024,718,503,4802,1531,9557,240,node2
207,2020-06-16 00:00:00,6013,9829,1196,1131,1013,715,501,4790,1531,9540,241,node2
208,2020-06-17 00:00:00,6014,9908,1202,1128,1042,757,504,4784,1555,9631,229,node2
0,2019-11-11 00:00:00,5193,8657,1049,1103,908,665,521,4041,1403,8467,147,node3
1,2019-11-13 00:00:00,5202,8594,1050,1083,871,664,519,4044,1397,8410,141,node3
2,2019-11-14 00:00:00,5204,8673,1057,1115,902,677,519,4051,1393,8464,166,node3
3,2019-11-15 00:00:00,5246,8710,1056,1106,898,676,518,4104,1392,8478,189,node3
4,2019-11-16 00:00:00,5249,8700,1055,1096,893,686,518,4099,1392,8470,187,node3
5,2019-11-17 00:00:00,5250,8699,1055,1096,891,676,518,4099,1403,8469,187,node3
6,2019-11-18 00:00:00,5250,8749,1056,1072,902,712,518,4117,1412,8519,187,node3
7,2019-11-19 00:00:00,5251,8698,1033,1104,897,653,517,4121,1390,8477,178,node3
8,2019-11-20 00:00:00,5272,8739,1033,1124,886,689,528,4111,1385,8516,180,node3
9,2019-11-21 00:00:00,5282,8744,1038,1119,884,650,525,4140,1410,8506,195,node3
10,2019-11-22 00:00:00,5287,8590,1044,1071,863,622,503,4148,1367,8345,202,node3
11,2019-11-23 00:00:00,5294,8767,1086,1120,912,647,523,4126,1423,8553,171,node3
12,2019-11-24 00:00:00,5296,8805,1090,1123,944,670,521,4150,1381,8586,176,node3
13,2019-11-25 00:00:00,5296,8808,1090,1123,947,644,521,4173,1384,8589,176,node3
14,2019-11-26 00:00:00,5304,8824,1097,1126,947,658,523,4172,1382,8605,176,node3
15,2019-11-27 00:00:00,5309,8810,1084,1112,954,646,515,4187,1380,8596,171,node3
16,2019-11-28 00:00:00,5317,8930,1084,1089,974,694,515,4222,1420,8716,171,node3
17,2019-11-29 00:00:00,5318,8830,1094,1093,941,649,530,4193,1408,8616,171,node3
18,2019-11-30 00:00:00,5319,8835,1094,1110,945,649,530,4207,1378,8621,171,node3
19,2019-12-01 00:00:00,5319,8974,1094,1093,968,709,530,4224,1434,8760,171,node3
20,2019-12-02 00:00:00,5319,8831,1094,1117,941,649,530,4200,1378,8617,171,node3
21,2019-12-03 00:00:00,5319,8830,1091,1118,945,649,530,4160,1412,8627,160,node3
22,2019-12-04 00:00:00,5321,8778,1098,1117,920,647,528,4147,1403,8579,156,node3
23,2019-12-05 00:00:00,5329,8775,1094,1118,916,679,529,4148,1369,8580,152,node3
24,2019-12-06 00:00:00,5336,8746,1091,1088,910,645,521,4196,1370,8537,166,node3
25,2019-12-07 00:00:00,5340,8745,1085,1111,909,635,521,4194,1359,8536,166,node3
26,2019-12-08 00:00:00,5342,8748,1085,1111,910,671,521,4160,1359,8539,166,node3
27,2019-12-10 00:00:00,5348,8725,1088,1104,902,635,517,4156,1395,8515,167,node3
28,2019-12-11 00:00:00,5365,8708,1084,1095,900,641,511,4169,1376,8495,170,node3
29,2019-12-12 00:00:00,5366,8681,1107,1068,888,634,507,4219,1349,8419,219,node3
30,2019-12-13 00:00:00,5370,8683,1104,1068,888,624,503,4232,1352,8428,212,node3
31,2019-12-14 00:00:00,5370,8680,1103,1066,883,626,503,4232,1354,8425,212,node3
32,2019-12-15 00:00:00,5370,8681,1103,1066,884,639,503,4219,1354,8426,212,node3
33,2019-12-16 00:00:00,5370,8682,1104,1065,883,627,503,4232,1356,8427,212,node3
34,2019-12-17 00:00:00,5386,8716,1103,1057,887,652,503,4227,1374,8467,206,node3
35,2019-12-18 00:00:00,5400,8722,1092,1071,888,630,506,4254,1357,8482,197,node3
36,2019-12-19 00:00:00,5402,8834,1104,1097,897,652,530,4266,1376,8604,187,node3
37,2019-12-20 00:00:00,5402,8758,1112,1066,891,681,499,4231,1374,8526,189,node3
38,2019-12-21 00:00:00,5406,8885,1092,1101,913,667,524,4265,1399,8678,164,node3
39,2019-12-22 00:00:00,5406,8869,1092,1107,909,687,524,4233,1393,8662,164,node3
40,2019-12-23 00:00:00,5406,8866,1091,1090,936,674,524,4233,1393,8659,164,node3
41,2019-12-24 00:00:00,5406,8837,1081,1096,919,669,519,4230,1388,8635,159,node3
42,2019-12-25 00:00:00,5408,8854,1081,1104,924,670,520,4231,1389,8652,159,node3
43,2019-12-26 00:00:00,5408,8855,1081,1104,912,660,520,4254,1389,8653,159,node3
44,2019-12-27 00:00:00,5408,8930,1057,1129,927,680,533,4236,1409,8749,138,node3
45,2019-12-28 00:00:00,5409,8938,1084,1126,925,670,544,4249,1408,8760,135,node3
46,2019-12-29 00:00:00,5409,8930,1120,1116,955,669,527,4260,1387,8728,159,node3
47,2019-12-30 00:00:00,5409,8918,1124,1114,947,658,525,4273,1385,8716,159,node3
48,2019-12-31 00:00:00,5409,8894,1121,1114,930,669,523,4259,1383,8687,164,node3
49,2020-01-01 00:00:00,5409,8892,1121,1090,928,663,523,4289,1383,8685,164,node3
50,2020-01-02 00:00:00,5409,8894,1121,1114,930,656,523,4272,1383,8687,164,node3
51,2020-01-03 00:00:00,5409,8940,1120,1110,944,670,523,4280,1397,8731,166,node3
52,2020-01-04 00:00:00,5409,8894,1112,1105,930,662,523,4268,1390,8689,162,node3
53,2020-01-05 00:00:00,5409,8895,1112,1098,931,662,523,4275,1390,8690,162,node3
54,2020-01-06 00:00:00,5409,8894,1112,1106,929,672,523,4258,1390,8689,162,node3
55,2020-01-07 00:00:00,5411,8912,1119,1114,933,662,523,4270,1394,8707,162,node3
56,2020-01-08 00:00:00,5423,8942,1122,1124,938,662,527,4281,1394,8739,160,node3
57,2020-01-09 00:00:00,5445,9034,1123,1130,945,732,547,4270,1394,8831,160,node3
58,2020-01-10 00:00:00,5445,9012,1116,1125,946,726,543,4266,1390,8809,160,node3
59,2020-01-11 00:00:00,5450,9023,1117,1150,947,666,543,4311,1390,8820,160,node3
60,2020-01-12 00:00:00,5454,9028,1117,1150,948,666,543,4315,1390,8825,160,node3
61,2020-01-13 00:00:00,5454,9026,1117,1150,946,666,543,4315,1390,8823,160,node3
62,2020-01-14 00:00:00,5454,9034,1123,1157,944,666,546,4315,1390,8831,160,node3
63,2020-01-15 00:00:00,5458,9043,1136,1155,944,672,544,4322,1390,8834,166,node3
64,2020-01-16 00:00:00,5485,8964,1147,1096,910,669,524,4352,1397,8715,206,node3
65,2020-01-17 00:00:00,5487,8964,1148,1096,908,669,524,4354,1397,8715,206,node3
66,2020-01-18 00:00:00,5488,9105,1077,1150,934,696,550,4342,1417,8903,159,node3
67,2020-01-19 00:00:00,5488,9084,1077,1144,931,693,547,4339,1414,8882,159,node3
68,2020-01-20 00:00:00,5488,9169,1078,1120,960,733,547,4353,1440,8967,159,node3
69,2020-01-21 00:00:00,5488,9067,1080,1118,932,702,546,4347,1406,8868,156,node3
70,2020-01-22 00:00:00,5488,9006,1077,1099,937,686,531,4347,1390,8813,150,node3
71,2020-01-23 00:00:00,5489,8961,1066,1074,915,686,538,4339,1393,8777,141,node3
72,2020-01-24 00:00:00,5467,8907,1047,1114,916,676,523,4290,1372,8741,123,node3
73,2020-01-25 00:00:00,5467,8846,1038,1090,876,643,513,4347,1361,8642,161,node3
74,2020-01-26 00:00:00,5467,8846,1038,1090,876,653,513,4337,1361,8642,161,node3
75,2020-01-27 00:00:00,5467,8845,1038,1090,875,703,513,4287,1361,8641,161,node3
76,2020-01-28 00:00:00,5467,8962,1031,1086,912,721,503,4325,1399,8784,135,node3
77,2020-01-29 00:00:00,5490,8851,1064,1076,893,657,498,4344,1367,8659,149,node3
78,2020-01-30 00:00:00,5497,8872,1068,1077,895,664,491,4355,1374,8668,161,node3
79,2020-01-31 00:00:00,5504,8899,1080,1081,907,673,498,4351,1373,8690,166,node3
80,2020-02-01 00:00:00,5504,8936,1078,1087,913,701,499,4336,1384,8732,161,node3
81,2020-02-02 00:00:00,5506,9169,1133,1131,970,739,520,4368,1425,8996,130,node3
82,2020-02-03 00:00:00,5512,9075,1161,1140,969,671,515,4380,1384,8886,146,node3
83,2020-02-04 00:00:00,5517,9079,1163,1140,968,686,515,4370,1384,8890,146,node3
84,2020-02-05 00:00:00,5520,9109,1163,1162,965,685,537,4356,1388,8920,146,node3
85,2020-02-06 00:00:00,5521,9016,1146,1116,968,658,524,4361,1373,8816,157,node3
86,2020-02-07 00:00:00,5528,9014,1144,1113,957,640,530,4387,1371,8799,172,node3
87,2020-02-08 00:00:00,5528,9066,1142,1091,967,690,530,4387,1385,8851,172,node3
88,2020-02-09 00:00:00,5528,9103,1142,1091,976,700,530,4397,1393,8888,172,node3
89,2020-02-10 00:00:00,5532,9094,1142,1091,977,688,530,4401,1391,8879,172,node3
90,2020-02-11 00:00:00,5519,8961,1140,1090,942,641,531,4350,1391,8750,168,node3
91,2020-02-12 00:00:00,5521,8992,1132,1093,952,674,531,4326,1399,8785,163,node3
92,2020-02-13 00:00:00,5524,9052,1132,1106,959,674,525,4386,1385,8843,165,node3
93,2020-02-14 00:00:00,5524,8995,1151,1109,946,643,525,4382,1373,8782,169,node3
94,2020-02-15 00:00:00,5531,9001,1156,1109,946,666,518,4379,1366,8793,164,node3
95,2020-02-16 00:00:00,5531,9001,1156,1109,946,696,518,4349,1366,8793,164,node3
96,2020-02-17 00:00:00,5531,8998,1156,1109,944,686,518,4358,1366,8790,164,node3
97,2020-02-18 00:00:00,5532,9003,1157,1119,947,656,518,4380,1366,8795,164,node3
98,2020-02-19 00:00:00,5533,9004,1157,1123,947,692,518,4341,1366,8796,164,node3
99,2020-02-20 00:00:00,5538,8949,1169,1080,929,676,510,4375,1362,8695,209,node3
100,2020-02-21 00:00:00,5541,8925,1153,1079,933,656,502,4387,1351,8687,194,node3
101,2020-02-22 00:00:00,5535,9003,1165,1086,940,682,511,4383,1384,8774,185,node3
102,2020-02-23 00:00:00,5545,9013,1165,1086,940,702,511,4373,1384,8784,185,node3
103,2020-02-24 00:00:00,5544,9009,1158,1093,940,682,511,4382,1384,8780,185,node3
104,2020-02-25 00:00:00,5552,9010,1160,1078,938,703,511,4358,1405,8781,185,node3
105,2020-02-26 00:00:00,5553,9101,1171,1122,958,689,517,4393,1405,8888,169,node3
106,2020-02-27 00:00:00,5553,9124,1170,1127,986,672,520,4406,1396,8928,152,node3
107,2020-02-28 00:00:00,5556,9155,1173,1136,991,683,520,4408,1400,8959,152,node3
108,2020-02-29 00:00:00,5564,9142,1151,1127,980,687,527,4412,1392,8935,163,node3
109,2020-03-01 00:00:00,5564,9142,1152,1127,980,687,527,4412,1392,8935,163,node3
110,2020-03-03 00:00:00,5568,9138,1151,1119,979,686,527,4385,1425,8931,163,node3
111,2020-03-04 00:00:00,5570,9150,1158,1114,981,695,529,4407,1407,8943,163,node3
112,2020-03-05 00:00:00,5571,9150,1159,1117,982,703,531,4405,1394,8942,163,node3
113,2020-03-06 00:00:00,5583,9174,1139,1132,983,704,535,4407,1395,8966,163,node3
114,2020-03-07 00:00:00,5587,9250,1157,1159,988,716,522,4428,1419,9007,198,node3
115,2020-03-08 00:00:00,5587,9250,1157,1129,988,726,522,4428,1439,9007,198,node3
116,2020-03-09 00:00:00,5588,9251,1157,1149,988,726,522,4429,1419,9008,198,node3
117,2020-03-10 00:00:00,5594,9281,1163,1130,990,751,522,4451,1419,9041,195,node3
118,2020-03-11 00:00:00,5588,9138,1154,1140,976,713,518,4384,1389,8919,174,node3
119,2020-03-12 00:00:00,5588,9060,1160,1112,955,679,504,4417,1375,8820,195,node3
120,2020-03-13 00:00:00,5590,9053,1160,1109,952,679,501,4419,1375,8813,195,node3
121,2020-03-14 00:00:00,5605,9057,1173,1105,950,707,499,4405,1373,8811,201,node3
122,2020-03-15 00:00:00,5613,9065,1176,1105,950,677,499,4443,1373,8819,201,node3
123,2020-03-16 00:00:00,5613,9065,1176,1105,972,677,499,4421,1373,8819,201,node3
124,2020-03-17 00:00:00,5617,9069,1182,1105,950,717,499,4407,1373,8823,201,node3
125,2020-03-18 00:00:00,5617,9089,1185,1105,962,679,512,4429,1384,8843,201,node3
126,2020-03-19 00:00:00,5659,9078,1197,1088,940,676,500,4486,1370,8801,232,node3
127,2020-03-20 00:00:00,5661,9290,1189,1130,991,724,511,4504,1412,9050,195,node3
128,2020-03-21 00:00:00,5661,9228,1195,1103,975,707,509,4504,1412,8990,193,node3
129,2020-03-22 00:00:00,5661,9350,1195,1107,1001,755,509,4520,1440,9112,193,node3
130,2020-03-23 00:00:00,5667,9238,1194,1125,978,688,509,4478,1442,9000,193,node3
131,2020-03-24 00:00:00,5673,9299,1086,1175,982,703,526,4449,1446,9111,143,node3
132,2020-03-25 00:00:00,5682,9377,1092,1155,1003,727,526,4468,1480,9189,143,node3
133,2020-03-26 00:00:00,5686,9271,1097,1158,974,697,520,4464,1440,9068,158,node3
134,2020-03-27 00:00:00,5686,9385,1098,1131,1014,751,518,4501,1452,9187,153,node3
135,2020-03-28 00:00:00,5686,9213,1102,1148,968,685,509,4453,1432,9015,153,node3
136,2020-03-29 00:00:00,5694,9221,1103,1128,969,685,509,4450,1462,9015,161,node3
137,2020-03-30 00:00:00,5695,9244,1101,1132,995,691,509,4467,1432,9038,161,node3
138,2020-03-31 00:00:00,5710,9359,1159,1185,1003,700,525,4506,1422,9169,145,node3
139,2020-04-01 00:00:00,5727,9411,1203,1151,1032,693,515,4536,1465,9197,168,node3
140,2020-04-02 00:00:00,5731,9405,1197,1152,1038,691,515,4559,1431,9191,168,node3
141,2020-04-03 00:00:00,5732,9393,1197,1178,1028,689,515,4513,1451,9179,168,node3
142,2020-04-04 00:00:00,5735,9362,1190,1164,1018,679,515,4506,1461,9148,168,node3
143,2020-04-05 00:00:00,5737,9344,1190,1154,1018,669,515,4498,1471,9130,168,node3
144,2020-04-06 00:00:00,5737,9344,1189,1155,1018,669,515,4574,1394,9130,168,node3
145,2020-04-07 00:00:00,5738,9395,1190,1185,1023,708,517,4510,1433,9182,167,node3
146,2020-04-08 00:00:00,5745,9553,1194,1175,1051,749,517,4573,1469,9340,167,node3
147,2020-04-09 00:00:00,5761,9382,1190,1211,1010,713,525,4513,1391,9169,167,node3
148,2020-04-10 00:00:00,5764,9457,1192,1204,1017,731,521,4545,1420,9242,169,node3
149,2020-04-11 00:00:00,5764,9453,1184,1203,1014,726,518,4548,1425,9241,166,node3
150,2020-04-12 00:00:00,5774,9463,1187,1203,1014,726,518,4558,1425,9246,171,node3
151,2020-04-13 00:00:00,5777,9466,1187,1203,1014,726,518,4561,1425,9249,171,node3
152,2020-04-14 00:00:00,5814,9509,1191,1200,1014,726,518,4597,1435,9280,183,node3
153,2020-04-15 00:00:00,5835,9453,1198,1209,1008,663,517,4632,1405,9206,201,node3
154,2020-04-16 00:00:00,5840,9442,1229,1151,982,649,512,4656,1409,9165,231,node3
155,2020-04-17 00:00:00,5841,9595,1220,1174,1018,726,518,4597,1453,9344,205,node3
156,2020-04-18 00:00:00,5841,9602,1205,1165,1008,737,519,4610,1456,9347,209,node3
157,2020-04-19 00:00:00,5841,9794,1205,1177,1044,745,519,4682,1520,9537,211,node3
158,2020-04-20 00:00:00,5841,9652,1200,1175,1019,731,519,4621,1480,9395,211,node3
159,2020-04-21 00:00:00,5847,9737,1200,1167,1022,720,517,4662,1525,9460,231,node3
160,2020-04-22 00:00:00,5844,9865,1216,1182,1053,746,522,4683,1553,9583,236,node3
161,2020-04-23 00:00:00,5853,9753,1223,1163,1041,725,523,4634,1525,9484,223,node3
162,2020-04-24 00:00:00,5856,9763,1142,1236,1067,714,539,4613,1520,9537,180,node3
163,2020-04-25 00:00:00,5872,9802,1121,1178,1050,744,520,4677,1573,9571,185,node3
164,2020-04-26 00:00:00,5873,9643,1121,1182,1020,688,520,4650,1523,9412,185,node3
165,2020-04-28 00:00:00,5876,9641,1126,1174,1020,733,519,4622,1513,9410,185,node3
166,2020-04-29 00:00:00,5880,9734,1131,1153,1032,737,515,4663,1557,9516,172,node3
167,2020-04-30 00:00:00,5880,9615,1135,1133,1022,738,504,4635,1498,9377,192,node3
168,2020-05-01 00:00:00,5880,9623,1149,1150,1018,722,501,4638,1494,9373,204,node3
169,2020-05-02 00:00:00,5882,9610,1149,1130,1013,732,499,4635,1494,9347,217,node3
170,2020-05-03 00:00:00,5882,9610,1148,1145,1013,722,499,4635,1489,9347,217,node3
171,2020-05-04 00:00:00,5883,9644,1153,1143,1033,701,499,4646,1515,9381,217,node3
172,2020-05-05 00:00:00,5888,9734,1155,1136,1015,727,499,4699,1541,9478,210,node3
173,2020-05-06 00:00:00,5902,9645,1149,1152,1002,722,505,4651,1498,9397,202,node3
174,2020-05-07 00:00:00,5905,9826,1153,1155,1031,759,508,4702,1562,9581,199,node3
175,2020-05-08 00:00:00,5907,9854,1153,1160,1038,755,510,4712,1568,9604,204,node3
176,2020-05-09 00:00:00,5908,9735,1144,1158,1021,739,510,4675,1528,9485,204,node3
177,2020-05-10 00:00:00,5908,9848,1145,1160,1038,755,510,4713,1568,9602,200,node3
178,2020-05-11 00:00:00,5908,9848,1145,1159,1038,755,510,4714,1568,9602,200,node3
179,2020-05-12 00:00:00,5912,9855,1160,1151,1037,753,505,4717,1568,9602,207,node3
180,2020-05-13 00:00:00,5911,9868,1160,1152,1044,756,505,4716,1571,9615,207,node3
181,2020-05-14 00:00:00,5915,9768,1219,1139,993,715,500,4707,1535,9458,263,node3
182,2020-05-15 00:00:00,5916,9670,1213,1124,980,731,506,4665,1495,9361,262,node3
183,2020-05-16 00:00:00,5917,9724,1228,1167,1009,712,517,4647,1510,9451,226,node3
184,2020-05-17 00:00:00,5919,10000,1238,1180,1085,731,514,4746,1580,9726,227,node3
185,2020-05-18 00:00:00,5925,9992,1228,1180,1085,729,514,4740,1580,9728,217,node3
186,2020-05-19 00:00:00,5926,9964,1218,1202,1065,754,515,4714,1556,9694,223,node3
187,2020-05-20 00:00:00,5930,9968,1210,1212,1066,747,515,4723,1553,9692,229,node3
188,2020-05-21 00:00:00,5930,9966,1215,1212,1078,754,517,4712,1553,9698,221,node3
189,2020-05-22 00:00:00,5939,9947,1221,1209,1049,748,517,4723,1549,9689,211,node3
190,2020-05-23 00:00:00,5939,9955,1218,1204,1056,748,517,4724,1554,9696,212,node3
191,2020-05-24 00:00:00,5940,10026,1218,1204,1066,752,517,4755,1580,9767,212,node3
192,2020-05-25 00:00:00,5940,10022,1219,1204,1066,746,517,4757,1580,9763,212,node3
193,2020-05-26 00:00:00,5941,10027,1217,1204,1066,752,517,4755,1581,9760,220,node3
194,2020-05-27 00:00:00,5951,10016,1213,1193,1061,752,515,4762,1583,9749,220,node3
195,2020-06-04 00:00:00,5979,9849,1206,1163,1036,740,511,4723,1523,9588,213,node3
196,2020-06-05 00:00:00,5981,9959,1195,1185,1056,741,508,4763,1565,9700,211,node3
197,2020-06-06 00:00:00,5991,9977,1210,1193,1052,739,508,4757,1554,9724,205,node3
198,2020-06-07 00:00:00,5991,9987,1210,1193,1055,741,508,4761,1555,9734,205,node3
199,2020-06-08 00:00:00,5992,9970,1210,1189,1051,737,508,4758,1553,9717,205,node3
200,2020-06-09 00:00:00,5997,9868,1216,1190,1023,700,513,4737,1515,9616,204,node3
201,2020-06-10 00:00:00,6011,9963,1243,1204,1053,696,516,4768,1528,9695,220,node3
202,2020-06-11 00:00:00,6012,9742,1244,1103,990,697,497,4752,1519,9443,251,node3
203,2020-06-12 00:00:00,6013,9767,1199,1115,1008,713,503,4773,1509,9479,240,node3
204,2020-06-13 00:00:00,6013,9943,1193,1119,1038,732,503,4834,1569,9655,240,node3
205,2020-06-14 00:00:00,6013,9862,1193,1118,1028,722,503,4804,1539,9574,240,node3
206,2020-06-15 00:00:00,6013,9845,1193,1119,1024,718,503,4802,1531,9557,240,node3
207,2020-06-16 00:00:00,6013,9829,1196,1131,1013,715,501,4790,1531,9540,241,node3
208,2020-06-17 00:00:00,6014,9908,1202,1128,1042,757,504,4784,1555,9631,229,node3
